{"Image1Path":"Diff_1/1","Image2Path":"Diff_1/2","Points":[{"Center":{"x":374.68115234375,"y":441.45989990234377},"Width":90.0,"Height":175.0,"Number":0,"Shape":0,"Rotation":0.0},{"Center":{"x":280.0307922363281,"y":138.06031799316407},"Width":50.0,"Height":179.0,"Number":1,"Shape":1,"Rotation":79.30000305175781}],"Orientation":0,"Id":"Diff_1"}