{"Image1Path":"Diff_2/1","Image2Path":"Diff_2/2","Points":[{"Center":{"x":791.194580078125,"y":195.7591552734375},"Width":115.0,"Height":115.0,"Number":0,"Shape":0,"Rotation":0.0},{"Center":{"x":265.6329345703125,"y":103.39559936523438},"Width":133.0,"Height":78.0,"Number":1,"Shape":0,"Rotation":45.20000076293945}],"Orientation":1,"Id":"Diff_2"}