{"Image1Path":"d1_1","Image2Path":"d1_2","Points":[{"Center":{"x":1005.4437255859375,"y":841.4415893554688},"Width":215.0,"Height":292.0,"Number":0,"Shape":0,"Rotation":0.0},{"Center":{"x":1715.0750732421875,"y":1754.2335205078125},"Width":486.0,"Height":381.0,"Number":1,"Shape":0,"Rotation":0.0}],"Orientation":0,"Id":"Diff_1","Storage":1}