{"Image1Path":"Diff_62_1","Image2Path":"Diff_62_2","Points":[{"Center":{"x":0.6585370898246765,"y":0.47501689195632937},"Width":0.16008538007736207,"Height":0.11664074659347534,"Number":0,"Shape":0,"Rotation":0.0},{"Center":{"x":0.8214070796966553,"y":0.8185343146324158},"Width":0.16008538007736207,"Height":0.11664074659347534,"Number":1,"Shape":0,"Rotation":0.0}],"Orientation":0,"Id":"Diff_62","Storage":1}