{"Image1Path":"Diff_1/1","Image2Path":"Diff_1/2","Points":[{"Center":{"x":185.07008361816407,"y":167.6702423095703},"Width":50.0,"Height":50.0,"Number":0},{"Center":{"x":416.2076721191406,"y":19.96466827392578},"Width":76.0,"Height":43.0,"Number":1},{"Center":{"x":396.43121337890627,"y":278.9129638671875},"Width":61.0,"Height":60.0,"Number":2}],"Orientation":1}