{"Image1Path":"Diff_1/1","Image2Path":"Diff_1/2","Points":[{"Center":{"x":556.1195678710938,"y":253.7659912109375},"Width":126.0,"Height":36.0},{"Center":{"x":371.9010009765625,"y":247.6888427734375},"Width":186.0,"Height":50.0},{"Center":{"x":842.5098266601563,"y":163.31982421875},"Width":50.0,"Height":50.0}]}