{"Image1Path":"Diff_2/1","Image2Path":"Diff_2/2","Points":[{"Center":{"x":130.3605499267578,"y":674.986328125},"Width":114.0,"Height":81.0,"Number":0},{"Center":{"x":450.335693359375,"y":687.4367065429688},"Width":267.0,"Height":50.0,"Number":1}],"Orientation":0}