{"Image1Path":"Diff_2/1","Image2Path":"Diff_2/2","Points":[{"Center":{"x":91.57329559326172,"y":537.3653564453125},"Width":81.0,"Height":90.0,"Number":0},{"Center":{"x":397.100341796875,"y":243.39151000976563},"Width":90.0,"Height":76.0,"Number":1},{"Center":{"x":555.7132568359375,"y":864.5562744140625},"Width":274.0,"Height":381.0,"Number":2}],"Orientation":0}