{"Image1Path":"Diff_1/1","Image2Path":"Diff_1/2","Points":[{"Center":{"x":330.8474426269531,"y":164.97569274902345},"Width":231.0,"Height":50.0,"Number":0,"Shape":0,"Rotation":65.30000305175781},{"Center":{"x":826.841552734375,"y":41.57041931152344},"Width":162.0,"Height":50.0,"Number":1,"Shape":1,"Rotation":22.299999237060548}],"Orientation":1}