{"Image1Path":"Diff_1/1","Image2Path":"Diff_1/2","Points":[{"Center":{"x":269.93585205078127,"y":135.70651245117188},"Width":217.0,"Height":75.0,"Number":0,"Shape":1}],"Orientation":1}